,coefficient,odds ratio (negative),direction
not,7.6093616,2016.99,towards negative
worst,6.07997,437.01602,towards negative
bad,4.552462,94.865685,towards negative
pathetic,3.7231882,41.396164,towards negative
no,3.1886206,24.254946,towards negative
poor,2.8930001,18.047373,towards negative
not good,2.6511345,14.170106,towards negative
don,2.6237984,13.787996,towards negative
disappointed,2.5561068,12.885553,towards negative
ordered,2.5368598,12.639916,towards negative
waste,2.413928,11.177782,towards negative
at all,2.3611975,10.6036415,towards negative
they,2.3405676,10.387131,towards negative
horrible,2.3332605,10.311508,towards negative
cold,2.3050344,10.024523,towards negative
good,-5.101568,0.0060871923,towards positive
awesome,-4.0809264,0.01689181,towards positive
best,-3.843238,0.021424117,towards positive
nice,-3.7214146,0.024199711,towards positive
great,-3.7007382,0.024705283,towards positive
amazing,-3.5228841,0.029514188,towards positive
delicious,-3.297724,0.03696721,towards positive
excellent,-2.83508,0.05871383,towards positive
the best,-2.792219,0.061285075,towards positive
love,-2.757237,0.06346689,towards positive
must,-2.7407484,0.06452204,towards positive
loved,-2.6621518,0.06979787,towards positive
try,-2.6199641,0.07280547,towards positive
very good,-2.5393803,0.07891528,towards positive
tasty,-2.3439498,0.09594791,towards positive
