mean_fit_time,std_fit_time,mean_score_time,std_score_time,param_model__C,param_model__class_weight,params,split0_test_score,split1_test_score,split2_test_score,split3_test_score,split4_test_score,mean_test_score,std_test_score,rank_test_score
1.438625192642212,0.03877431347095358,0.2233560562133789,0.019179315483890656,0.1,,"{'model__C': 0.1, 'model__class_weight': None}",0.8016915468720432,0.7975617320090289,0.7914035465430775,0.7947091059463774,0.7949501269357158,0.7960632116612485,0.003426623976585228,12
1.4426507472991943,0.06252337319794446,0.22671427726745605,0.00618124886333875,0.1,balanced,"{'model__C': 0.1, 'model__class_weight': 'balanced'}",0.936616152517386,0.9357375870353393,0.9331886352126426,0.9251198684673075,0.919566859543482,0.9300458205552316,0.006625954717414123,10
1.523578691482544,0.057724971902993735,0.23484325408935547,0.00890650946685619,0.3,,"{'model__C': 0.3, 'model__class_weight': None}",0.9181511392445965,0.9036158415043971,0.8981440401898738,0.9036420240869161,0.9060889103842976,0.9059283910820162,0.006642180628219792,11
1.5525030136108398,0.05721134565550106,0.23607654571533204,0.012360137001604687,0.3,balanced,"{'model__C': 0.3, 'model__class_weight': 'balanced'}",0.9448317350134513,0.9398231642575421,0.9393588520755851,0.9346747809009791,0.9318798662695266,0.9381136797034169,0.0044786496564889885,9
1.5678029537200928,0.0568292168229307,0.23416972160339355,0.005646239695390689,1.0,,"{'model__C': 1.0, 'model__class_weight': None}",0.947293066216006,0.9449663955409565,0.9362917960626759,0.9421500217120848,0.935217711850684,0.9411837982764816,0.004734778927248628,8
1.55131196975708,0.09851157469946357,0.2282278060913086,0.01672375151926982,1.0,balanced,"{'model__C': 1.0, 'model__class_weight': 'balanced'}",0.9503290205934382,0.9529745012020632,0.9495350472758591,0.9464297009709375,0.938682581207761,0.9475901702500117,0.0049186725677539235,7
1.514925193786621,0.08569125628052068,0.21464524269104004,0.01779174956548985,3.0,,"{'model__C': 3.0, 'model__class_weight': None}",0.9579230703632176,0.9519073432417657,0.9433709090187768,0.9440725825006918,0.9431190987383742,0.9480786007725651,0.005905591501063274,6
1.4233765125274658,0.04652008758222436,0.20591487884521484,0.006689888113617176,3.0,balanced,"{'model__C': 3.0, 'model__class_weight': 'balanced'}",0.9635708949865319,0.9550642159675116,0.9472385001090038,0.9534351646392257,0.9435726183560541,0.9525762788116653,0.006890092656378242,1
1.4463863372802734,0.03065439089772052,0.20421133041381836,0.026158024815625583,10.0,,"{'model__C': 10.0, 'model__class_weight': None}",0.9602183177341611,0.9565096232634902,0.9479052769115798,0.9478613336532441,0.946321422064306,0.9517631947253562,0.005545063179804274,2
1.4441493034362793,0.0426740717699256,0.1777949333190918,0.013557754028073172,10.0,balanced,"{'model__C': 10.0, 'model__class_weight': 'balanced'}",0.9619719179033158,0.9519999802743677,0.9457350427001566,0.9548338426141421,0.9419730513196506,0.9513027669623266,0.006997550012621448,3
1.4546238899230957,0.05958908244208097,0.16209192276000978,0.021443052380963737,30.0,,"{'model__C': 30.0, 'model__class_weight': None}",0.9609904656969149,0.952241892705095,0.9464130373658343,0.9471147504805666,0.9397669537659057,0.9493054200028632,0.0070613088479617335,5
1.4258869647979737,0.03494292644650626,0.14406628608703614,0.013054376632582429,30.0,balanced,"{'model__C': 30.0, 'model__class_weight': 'balanced'}",0.9576011079473497,0.9518521056351259,0.944796918750618,0.9497578684132255,0.943276317641867,0.9494568636776372,0.005139469595855807,4
