mean_fit_time,std_fit_time,mean_score_time,std_score_time,param_model__C,param_model__class_weight,param_model__kernel,params,split0_test_score,split1_test_score,split2_test_score,split3_test_score,split4_test_score,mean_test_score,std_test_score,rank_test_score
11.97765040397644,0.2936074130517808,2.4932218551635743,0.07763465802042203,0.3,,linear,"{'model__C': 0.3, 'model__class_weight': None, 'model__kernel': 'linear'}",0.9563961196338238,0.9532797593353364,0.9477721944409463,0.9423636960258571,0.9401476962057239,0.9479918931283375,0.006194333663550726,9
17.556459665298462,0.5003420502315445,4.295381784439087,0.2917779013729855,0.3,,rbf,"{'model__C': 0.3, 'model__class_weight': None, 'model__kernel': 'rbf'}",0.9240417642107074,0.9044330460305492,0.9110559216492351,0.9157739939025076,0.9081478089852828,0.9126905069556563,0.006780155867314945,16
13.300543689727784,0.30782164332612355,2.9105183601379396,0.11046551914968984,0.3,balanced,linear,"{'model__C': 0.3, 'model__class_weight': 'balanced', 'model__kernel': 'linear'}",0.950361898959121,0.9446523372326883,0.9447958566111628,0.9465443797711771,0.9418902580096038,0.9456489461167508,0.002787918692610314,12
19.960860157012938,0.582905359222406,4.827685070037842,0.1662304833982957,0.3,balanced,rbf,"{'model__C': 0.3, 'model__class_weight': 'balanced', 'model__kernel': 'rbf'}",0.9600995767775082,0.9530074713822823,0.9481831317016598,0.9422679301528715,0.9359205124872246,0.9478957245003092,0.008369281229159677,10
9.819355297088624,0.3669413238748373,2.0087306022644045,0.16670688472207496,1.0,,linear,"{'model__C': 1.0, 'model__class_weight': None, 'model__kernel': 'linear'}",0.9639393697475115,0.9581696689071135,0.9472912929660507,0.9473343895995662,0.9451476691410291,0.9523764780722542,0.007359333750248851,2
15.917499780654907,0.32888657241330377,3.844480800628662,0.1933328346593897,1.0,,rbf,"{'model__C': 1.0, 'model__class_weight': None, 'model__kernel': 'rbf'}",0.96240398046005,0.9593386874639794,0.9479488062504373,0.9470239472880857,0.9434198773110252,0.9520270597547155,0.007441602766898431,3
10.349937057495117,0.4524886950993545,2.1740859031677244,0.12001240063798413,1.0,balanced,linear,"{'model__C': 1.0, 'model__class_weight': 'balanced', 'model__kernel': 'linear'}",0.9516503658608165,0.9571265890099818,0.9457350427001566,0.9512676679424107,0.9520382951134322,0.9515635921253596,0.0036121840061230166,6
16.940484857559206,0.3143658283424866,3.9003488063812255,0.05068965525765526,1.0,balanced,rbf,"{'model__C': 1.0, 'model__class_weight': 'balanced', 'model__kernel': 'rbf'}",0.9603814260352915,0.9611173615937001,0.9497578684132255,0.9480769375583077,0.9502605238886171,0.9539188234978283,0.00562865022633577,1
9.33691053390503,0.3124634705439463,1.9417911529541017,0.1722780561458805,3.0,,linear,"{'model__C': 3.0, 'model__class_weight': None, 'model__kernel': 'linear'}",0.9553210673407231,0.9450519714416115,0.9407685805276247,0.9408172219679525,0.9407194737852201,0.9445356630126265,0.005642207642142598,13
21.673849010467528,0.4261800965700462,3.2358546257019043,0.11158740336197993,3.0,,rbf,"{'model__C': 3.0, 'model__class_weight': None, 'model__kernel': 'rbf'}",0.9594779695679593,0.9586306056011941,0.9478613336532441,0.9448706496876655,0.9484753459925216,0.9518631809005169,0.006002845042913922,5
9.565421915054321,0.3775909293220009,2.027740716934204,0.1702228470053149,3.0,balanced,linear,"{'model__C': 3.0, 'model__class_weight': 'balanced', 'model__kernel': 'linear'}",0.956129373422589,0.947540353900958,0.938873006749609,0.9439289899499623,0.943884892086331,0.9460713232218898,0.0057359961291738185,11
20.884070539474486,0.2767432408475558,2.7649885177612306,0.06043107403592022,3.0,balanced,rbf,"{'model__C': 3.0, 'model__class_weight': 'balanced', 'model__kernel': 'rbf'}",0.9587717111063123,0.9586663800745456,0.9486503279690728,0.9456194132228524,0.9477721944409463,0.951896005362746,0.005657723046657856,4
8.899411296844482,0.31053696623975685,1.7455721378326416,0.0522968748447549,10.0,,linear,"{'model__C': 10.0, 'model__class_weight': None, 'model__kernel': 'linear'}",0.9480726924364166,0.9326760447270566,0.9209668805505454,0.9386770289857961,0.9355234629146636,0.9351832219228957,0.008796035485952855,15
19.718344926834106,0.23617832935598007,2.4408151149749755,0.08027001748673053,10.0,,rbf,"{'model__C': 10.0, 'model__class_weight': None, 'model__kernel': 'rbf'}",0.9587717111063123,0.9556888459275897,0.9463674452419149,0.9448706496876655,0.9477721944409463,0.9506941692808859,0.005502096601731258,8
8.528624391555786,0.5371111801750171,1.546972131729126,0.05297711047334527,10.0,balanced,linear,"{'model__C': 10.0, 'model__class_weight': 'balanced', 'model__kernel': 'linear'}",0.949556043771784,0.9322060151253216,0.9267043654259814,0.9381294964028777,0.9349899054571491,0.9363171652366228,0.007610802100754668,14
16.26666440963745,0.2654720761169524,1.839742088317871,0.0396609687990166,10.0,balanced,rbf,"{'model__C': 10.0, 'model__class_weight': 'balanced', 'model__kernel': 'rbf'}",0.9587717111063123,0.9564721417550527,0.9472038583343989,0.9448706496876655,0.9477721944409463,0.9510181110648752,0.005527034365330108,7
