mean_fit_time,std_fit_time,mean_score_time,std_score_time,param_model__alpha,params,split0_test_score,split1_test_score,split2_test_score,split3_test_score,split4_test_score,mean_test_score,std_test_score,rank_test_score
0.09518885612487793,0.006242810774476785,0.014052629470825195,0.0008516673670952176,0.001,{'model__alpha': np.float64(0.001)},0.9892929939326561,0.9882522114388681,0.9889373694918782,0.9888689819173008,0.9880274115755144,0.9886757936712435,0.000466154699791676,12
0.09621553421020508,0.0034025245547032366,0.013032293319702149,0.0007525367165983765,0.0017782794100389228,{'model__alpha': np.float64(0.0017782794100389228)},0.9892929939195892,0.9882522122541881,0.9889373680224559,0.9888689821640554,0.9880274120827265,0.9886757936886031,0.0004661542626057711,11
0.10407671928405762,0.007650993441261464,0.01280817985534668,0.001019695827849304,0.0031622776601683794,{'model__alpha': np.float64(0.0031622776601683794)},0.9892929938962766,0.9882522137039783,0.9889373654093386,0.9888689826027782,0.9880274129846158,0.9886757937193975,0.0004661534851695606,10
0.09709663391113281,0.004721896102201607,0.011828899383544922,0.0015648082703930192,0.005623413251903491,{'model__alpha': np.float64(0.005623413251903491)},0.9892929938545789,0.9882522162818685,0.9889373607622527,0.9888689833827101,0.9880274145881879,0.9886757937739196,0.0004661521026786291,9
0.09512815475463868,0.004570887170752933,0.011839199066162109,0.0004006838948829972,0.01,{'model__alpha': np.float64(0.01)},0.9892929937796664,0.9882522208653131,0.9889373524976978,0.9888689847688882,0.988027417439031,0.9886757938701193,0.00046614964424832397,8
0.09549083709716796,0.005483404579199894,0.010829591751098632,0.0013494370648681352,0.01778279410038923,{'model__alpha': np.float64(0.01778279410038923)},0.9892929936440399,0.9882522290135397,0.9889373377986771,0.9888689872315005,0.9880274225062353,0.9886757940387986,0.00046614527255111444,7
0.05468525886535645,0.028051458764443104,0.01091938018798828,0.0018488334852342035,0.03162277660168379,{'model__alpha': np.float64(0.03162277660168379)},0.9892929933952331,0.9882522434957166,0.9889373116523342,0.9888689916031256,0.9880274315095793,0.9886757943311977,0.00046613749870070447,6
0.03116946220397949,0.0022208961125813748,0.011726093292236329,0.0008132596114006544,0.05623413251903491,{'model__alpha': np.float64(0.05623413251903491)},0.9892929929286741,0.9882522692248922,0.9889372651335036,0.9888689993531022,0.98802744749613,0.9886757948272604,0.0004661236754095632,5
0.031636714935302734,0.0030276086794014077,0.01106119155883789,0.0006727309310200224,0.1,{'model__alpha': np.float64(0.1)},0.9892929920227573,0.9882523149020889,0.9889371823362584,0.9888690130588519,0.9880274758490744,0.9886757956338063,0.00046609909622418746,4
0.0311337947845459,0.002639717003488198,0.011650419235229493,0.000861386847414373,0.1778279410038923,{'model__alpha': np.float64(0.1778279410038923)},0.9892929901706892,0.9882523958871109,0.9889370348663629,0.9888690371915798,0.988027526029444,0.9886757968290374,0.0004660553954349615,3
0.03129854202270508,0.002828814297463628,0.011760663986206055,0.0003163137809111723,0.31622776601683794,{'model__alpha': np.float64(0.31622776601683794)},0.9892929861148493,0.9882525391365437,0.9889367718861156,0.9888690793476689,0.9880276145081642,0.9886757981986684,0.0004659777081116153,2
0.0314572811126709,0.0016824275772955696,0.01167917251586914,0.000509740594837952,0.5623413251903491,{'model__alpha': np.float64(0.5623413251903491)},0.9892929764920447,0.9882527914566529,0.9889363019017082,0.9888691519142884,0.988027769457728,0.9886757982444845,0.0004658396370709187,1
0.027607202529907227,0.002141052093565732,0.010775518417358399,0.0005054364878001029,1.0,{'model__alpha': np.float64(1.0)},0.9892929517597111,0.9882532325097986,0.9889354587654824,0.9888692733747135,0.9880280374444664,0.9886757907708343,0.00046559435723170304,13
0.030319738388061523,0.002842401739749349,0.012029075622558593,0.0007700634233583694,1.7782794100389228,{'model__alpha': np.float64(1.7782794100389228)},0.9892928836925564,0.9882539926690638,0.9889339361303683,0.9888694653960853,0.9880284901139657,0.9886757536004079,0.00046515896923228126,14
0.03332986831665039,0.003789840768185509,0.013073921203613281,0.0019879761799153814,3.1622776601683795,{'model__alpha': np.float64(3.1622776601683795)},0.9892926865467752,0.9882552681185407,0.9889311548298316,0.9888697311299621,0.9880292196159582,0.9886756120482136,0.00046438722282182173,15
0.02857036590576172,0.0010924356403112646,0.01136918067932129,0.0005919621609559778,5.623413251903491,{'model__alpha': np.float64(5.623413251903491)},0.9892920956645743,0.988257295215593,0.9889259764089149,0.9888699645444313,0.9880302785665381,0.9886751220800104,0.00046302274886176123,16
0.029491710662841796,0.0019715404853944615,0.011565876007080079,0.000514056982690057,10.0,{'model__alpha': np.float64(10.0)},0.9892902870185388,0.9882601398212775,0.9889160344721621,0.9888696254114265,0.9880314100563329,0.9886734993559475,0.00046062142949326645,17
0.029291105270385743,0.0015647119189221277,0.01023869514465332,0.0016772795563921115,17.78279410038923,{'model__alpha': np.float64(17.78279410038923)},0.9892846853277901,0.9882628057374447,0.9888960470624363,0.9888666485266754,0.988031056393775,0.9886682486096243,0.00045643109715106967,18
0.02584366798400879,0.0018639262441654942,0.009435892105102539,0.0019209844912309643,31.622776601683793,{'model__alpha': np.float64(31.622776601683793)},0.989267243464259,0.9882600429166244,0.988853266591914,0.9888539107225846,0.9880230080601934,0.988651494351115,0.00044923504724691724,19
0.02629389762878418,0.004213568310997273,0.008537387847900391,0.0017912873633845064,56.23413251903491,{'model__alpha': np.float64(56.23413251903491)},0.9892129206469907,0.988231748491183,0.9887546427265097,0.988808066665994,0.9879855768503238,0.9885985910762003,0.00043726259504794956,20
0.02346811294555664,0.0040485526275548704,0.008821439743041993,0.0017053819037332189,100.0,{'model__alpha': np.float64(100.0)},0.9890445391967964,0.9881094044245219,0.9885098183314306,0.9886551130025857,0.9878477937862729,0.9884333337483214,0.0004186634169100292,21
0.02293252944946289,0.003999667566507326,0.007717227935791016,0.0015219542172612139,177.82794100389228,{'model__alpha': np.float64(177.82794100389228)},0.9885285139480424,0.9876744052483263,0.9878649204052444,0.988167575076075,0.9873877829389008,0.9879246395233178,0.000394482081039374,22
0.018791818618774415,0.003444467281197621,0.0066966056823730465,0.0014004668095124245,316.22776601683796,{'model__alpha': np.float64(316.22776601683796)},0.9869805640044726,0.9862676225521735,0.9861084505443636,0.9866732814997112,0.9859436351768488,0.986394710755514,0.00038010292985515224,23
0.013934946060180664,0.0005764772042892215,0.005385541915893554,0.00010529948658412307,562.341325190349,{'model__alpha': np.float64(562.341325190349)},0.9825076511023175,0.9820354837094679,0.981321752533475,0.982303367798739,0.9816644084293376,0.9819665327146675,0.00042849545828238143,24
0.014172983169555665,0.00016046660756080058,0.005628061294555664,0.00014782062653157454,1000.0,{'model__alpha': np.float64(1000.0)},0.9703664767868128,0.9702871849164998,0.9687657171115125,0.9703596790439748,0.9698790025292434,0.9699316120776086,0.0006100589354004663,25
