mean_fit_time,std_fit_time,mean_score_time,std_score_time,param_model__learning_rate,param_model__max_depth,param_model__n_estimators,param_model__subsample,params,split0_test_score,split1_test_score,split2_test_score,split3_test_score,split4_test_score,mean_test_score,std_test_score,rank_test_score
0.4694360733032227,0.023438167303303767,0.01329803466796875,0.0009619231276770292,0.03,2,100,0.8,"{'model__learning_rate': 0.03, 'model__max_depth': 2, 'model__n_estimators': 100, 'model__subsample': 0.8}",0.9582070785792786,0.9562677503905752,0.9544915959456247,0.9594899939184407,0.9581816793775643,0.9573276196422968,0.001751860827931348,71
0.4475862503051758,0.0014325065719252566,0.013678169250488282,0.0011133338584339717,0.03,2,100,1.0,"{'model__learning_rate': 0.03, 'model__max_depth': 2, 'model__n_estimators': 100, 'model__subsample': 1.0}",0.9578920079911843,0.9562629209852447,0.9542793033104645,0.9592804097392909,0.9578798529582381,0.9571188989968846,0.0017114250878522814,72
0.8888093948364257,0.01561162428178222,0.015330743789672852,0.0006289221531904731,0.03,2,200,0.8,"{'model__learning_rate': 0.03, 'model__max_depth': 2, 'model__n_estimators': 200, 'model__subsample': 0.8}",0.9844934016345921,0.9830936388213196,0.9832874417138695,0.98463432457991,0.9833928463124157,0.9837803306124213,0.0006484450854466481,63
0.8620604038238525,0.0156132576990798,0.01737551689147949,0.004688709733300938,0.03,2,200,1.0,"{'model__learning_rate': 0.03, 'model__max_depth': 2, 'model__n_estimators': 200, 'model__subsample': 1.0}",0.9842855051981632,0.98311570960176,0.9831212040426693,0.9844055765763271,0.9833104488292563,0.9836476888496353,0.0005753472871580537,64
1.7413715839385986,0.008926748324922283,0.019641828536987305,0.002267050247520694,0.03,2,400,0.8,"{'model__learning_rate': 0.03, 'model__max_depth': 2, 'model__n_estimators': 400, 'model__subsample': 0.8}",0.9884163059023343,0.9869660084239553,0.9879914859966669,0.9882310181911137,0.9871084676074138,0.9877426572242968,0.0005932275385592467,27
1.7228311538696288,0.02114471800681747,0.018316030502319336,0.0013623108928314347,0.03,2,400,1.0,"{'model__learning_rate': 0.03, 'model__max_depth': 2, 'model__n_estimators': 400, 'model__subsample': 1.0}",0.9883007913344846,0.9871259540520638,0.987898162938989,0.988037132815034,0.987045492355415,0.9876815066991973,0.0005039992677063038,36
0.5860159873962403,0.011033714393045353,0.014266395568847656,0.0015957973038815622,0.03,3,100,0.8,"{'model__learning_rate': 0.03, 'model__max_depth': 3, 'model__n_estimators': 100, 'model__subsample': 0.8}",0.977478372158493,0.9765430191383251,0.9758227989455349,0.9779574338190414,0.9765899436709071,0.9768783135464604,0.0007528959421580288,70
0.6339093685150147,0.015190522871638884,0.01420736312866211,0.0008604177638078953,0.03,3,100,1.0,"{'model__learning_rate': 0.03, 'model__max_depth': 3, 'model__n_estimators': 100, 'model__subsample': 1.0}",0.977582377808802,0.9765343909188631,0.9757587886154069,0.9779936137790796,0.9765452619953489,0.9768828866235001,0.0008027501117957606,69
1.1949740886688232,0.04178879698000819,0.01674628257751465,0.0010247395945900686,0.03,3,200,0.8,"{'model__learning_rate': 0.03, 'model__max_depth': 3, 'model__n_estimators': 200, 'model__subsample': 0.8}",0.9877325822390253,0.9865409884169297,0.987245234812303,0.9875695349012571,0.9864212395796318,0.9871019159898294,0.0005319601049916147,54
1.1852618217468263,0.02921023743975636,0.017325115203857423,0.0011334604848353988,0.03,3,200,1.0,"{'model__learning_rate': 0.03, 'model__max_depth': 3, 'model__n_estimators': 200, 'model__subsample': 1.0}",0.9877383409194441,0.9864850430191942,0.9871370124047107,0.9875360328313915,0.9863004923586521,0.9870393843066786,0.0005653294478481994,56
2.2760341644287108,0.053737483425272334,0.022911739349365235,0.002694477706170979,0.03,3,400,0.8,"{'model__learning_rate': 0.03, 'model__max_depth': 3, 'model__n_estimators': 400, 'model__subsample': 0.8}",0.9886709131290532,0.9875152839783553,0.9885160720110058,0.988319711826464,0.9872646464034264,0.9880573254696609,0.0005617711073976785,4
2.303904390335083,0.046956777537065945,0.02347722053527832,0.0028169312240575676,0.03,3,400,1.0,"{'model__learning_rate': 0.03, 'model__max_depth': 3, 'model__n_estimators': 400, 'model__subsample': 1.0}",0.9887018780425734,0.9874451155213347,0.9884193269451758,0.988274051850729,0.9871630229424939,0.9880006790604614,0.000591945498221698,7
0.7224678516387939,0.0236022347457882,0.015604352951049805,0.00047958655698648764,0.03,4,100,0.8,"{'model__learning_rate': 0.03, 'model__max_depth': 4, 'model__n_estimators': 100, 'model__subsample': 0.8}",0.9824518230660514,0.9814560625854706,0.980957971799442,0.9823969334772006,0.9810589396469004,0.9816643461150131,0.000642754678810403,65
0.7515337944030762,0.026578321441731154,0.015658140182495117,0.0014094081423444516,0.03,4,100,1.0,"{'model__learning_rate': 0.03, 'model__max_depth': 4, 'model__n_estimators': 100, 'model__subsample': 1.0}",0.98229118617547,0.9814751137820045,0.9809325212691052,0.9822459454390683,0.9808994460199879,0.9815688425371272,0.0006069646125604755,66
1.3998049736022948,0.031694318969283104,0.019121408462524414,0.0012256072856021692,0.03,4,200,0.8,"{'model__learning_rate': 0.03, 'model__max_depth': 4, 'model__n_estimators': 200, 'model__subsample': 0.8}",0.9884691093193632,0.9872319835007594,0.9879862754754142,0.9880846201523069,0.986844962020314,0.9877233900936316,0.0005947788433328744,30
1.459218168258667,0.06237406638324915,0.019731760025024414,0.0019298473738497929,0.03,4,200,1.0,"{'model__learning_rate': 0.03, 'model__max_depth': 4, 'model__n_estimators': 200, 'model__subsample': 1.0}",0.9883357079211843,0.9871168868270992,0.9879183881755208,0.987851978608421,0.9867448436366251,0.98759356103377,0.000578033534827686,42
2.9165613651275635,0.09312669302316089,0.02919430732727051,0.0018501495478073816,0.03,4,400,0.8,"{'model__learning_rate': 0.03, 'model__max_depth': 4, 'model__n_estimators': 400, 'model__subsample': 0.8}",0.9885887108999538,0.9874823175045615,0.9882910051054383,0.9881292348672598,0.9870049036608064,0.9878992344076039,0.0005753971694988732,15
3.0263604640960695,0.07313071937577242,0.02944173812866211,0.0031140043311227122,0.03,4,400,1.0,"{'model__learning_rate': 0.03, 'model__max_depth': 4, 'model__n_estimators': 400, 'model__subsample': 1.0}",0.9884938072044863,0.9873737769574608,0.9882504602147605,0.9879634091283891,0.9869157598428095,0.9877994426695812,0.000578710734272951,21
0.4612724781036377,0.012993148429766945,0.012774848937988281,0.0007681283569065257,0.05,2,100,0.8,"{'model__learning_rate': 0.05, 'model__max_depth': 2, 'model__n_estimators': 100, 'model__subsample': 0.8}",0.981583217803884,0.980297714402757,0.9797182019309227,0.9817339506460776,0.9805133048914083,0.9807692779350099,0.0007727543827104221,67
0.46418118476867676,0.0068863158670801035,0.013084125518798829,0.001651044686515791,0.05,2,100,1.0,"{'model__learning_rate': 0.05, 'model__max_depth': 2, 'model__n_estimators': 100, 'model__subsample': 1.0}",0.9813175623962904,0.9800234296966128,0.9800294366917464,0.9814872662570577,0.9802854663724937,0.9806286322828403,0.0006410842958122867,68
0.955794382095337,0.03395675816230352,0.017012834548950195,0.001984487110786568,0.05,2,200,0.8,"{'model__learning_rate': 0.05, 'model__max_depth': 2, 'model__n_estimators': 200, 'model__subsample': 0.8}",0.9881062737396168,0.9867082882398656,0.9871940589982008,0.9877623567866011,0.9867633754239727,0.9873068706376514,0.00055007769479285,47
0.8877174377441406,0.02841570763926513,0.015473127365112305,0.0009318969012359212,0.05,2,200,1.0,"{'model__learning_rate': 0.05, 'model__max_depth': 2, 'model__n_estimators': 200, 'model__subsample': 1.0}",0.9878769479244007,0.9865170408876683,0.9874768514498344,0.9875634143351715,0.9865509302276898,0.987197036964953,0.000557612054603237,51
1.9030690670013428,0.10387884052588363,0.019469785690307616,0.0023885926879253657,0.05,2,400,0.8,"{'model__learning_rate': 0.05, 'model__max_depth': 2, 'model__n_estimators': 400, 'model__subsample': 0.8}",0.9886873834201977,0.9873443766715517,0.9880988352739498,0.9882240225977681,0.9873341145812508,0.9879377465089437,0.0005265583264967102,10
1.7457460403442382,0.027209050571652356,0.01997666358947754,0.0017031068386494377,0.05,2,400,1.0,"{'model__learning_rate': 0.05, 'model__max_depth': 2, 'model__n_estimators': 400, 'model__subsample': 1.0}",0.9885244744191775,0.9871838477280084,0.9883658444409167,0.9880494317357282,0.9871072254052077,0.9878461647458077,0.0005926522840316893,18
0.6317817687988281,0.04029570590151507,0.014886808395385743,0.0022264728699580064,0.05,3,100,0.8,"{'model__learning_rate': 0.05, 'model__max_depth': 3, 'model__n_estimators': 100, 'model__subsample': 0.8}",0.9866508781007964,0.9854800719302893,0.9858293097920711,0.9866175077292406,0.985550762254618,0.9860257059614032,0.0005104760547061527,61
0.6473353862762451,0.04206545276651029,0.014856338500976562,0.003988684219435958,0.05,3,100,1.0,"{'model__learning_rate': 0.05, 'model__max_depth': 3, 'model__n_estimators': 100, 'model__subsample': 1.0}",0.9866999751152716,0.9855379986457804,0.9858795602834886,0.9865416143892135,0.9853044813369701,0.9859927259541449,0.0005467620939904488,62
1.186610174179077,0.04638256707996735,0.0170839786529541,0.0013987486986723776,0.05,3,200,0.8,"{'model__learning_rate': 0.05, 'model__max_depth': 3, 'model__n_estimators': 200, 'model__subsample': 0.8}",0.9885748875349407,0.9874517757432851,0.9883127232962645,0.9882837214593099,0.9873120857080887,0.9879870387483779,0.0005063053116012113,8
1.2216911792755127,0.04557610298140913,0.01725006103515625,0.002358065613394118,0.05,3,200,1.0,"{'model__learning_rate': 0.05, 'model__max_depth': 3, 'model__n_estimators': 200, 'model__subsample': 1.0}",0.9886204405867243,0.9874227247255171,0.9883167200039363,0.9882060641236728,0.9870704570566102,0.9879272812992921,0.000582851144733391,11
2.314729833602905,0.08575402228068965,0.023662567138671875,0.001281345353681459,0.05,3,400,0.8,"{'model__learning_rate': 0.05, 'model__max_depth': 3, 'model__n_estimators': 400, 'model__subsample': 0.8}",0.9886357124030085,0.9876404649271776,0.988387510637027,0.9882832964947202,0.9873742162205048,0.9880642401364875,0.0004764007742767965,3
2.354943323135376,0.07127109918873491,0.023242950439453125,0.0015437984204096263,0.05,3,400,1.0,"{'model__learning_rate': 0.05, 'model__max_depth': 3, 'model__n_estimators': 400, 'model__subsample': 1.0}",0.9886877851416624,0.9875647218013738,0.98837982543364,0.9882643082533005,0.9872287151558673,0.9880250711571688,0.0005419186692250734,5
0.7625439167022705,0.02282352195933032,0.015491724014282227,0.0016222622717605671,0.05,4,100,0.8,"{'model__learning_rate': 0.05, 'model__max_depth': 4, 'model__n_estimators': 100, 'model__subsample': 0.8}",0.9879331863789073,0.9867517126613083,0.9873234998624367,0.9876943539496272,0.9865244439099414,0.9872454393524442,0.000537441011617611,49
0.802436637878418,0.04878488098316627,0.017107391357421876,0.0010087250939088115,0.05,4,100,1.0,"{'model__learning_rate': 0.05, 'model__max_depth': 4, 'model__n_estimators': 100, 'model__subsample': 1.0}",0.9878545227507992,0.9866642352827194,0.9873435194722378,0.987515952959311,0.9863091077002784,0.9871374676330692,0.0005674514217338419,53
1.433016872406006,0.03917704471540258,0.021348237991333008,0.0012807099902188875,0.05,4,200,0.8,"{'model__learning_rate': 0.05, 'model__max_depth': 4, 'model__n_estimators': 200, 'model__subsample': 0.8}",0.9885584432035074,0.9874262624428558,0.9882525232342704,0.9881445128270452,0.9870891653057886,0.9878941814026934,0.0005475979363635142,16
1.5076062679290771,0.06619212214207533,0.020464134216308594,0.003001099890576916,0.05,4,200,1.0,"{'model__learning_rate': 0.05, 'model__max_depth': 4, 'model__n_estimators': 200, 'model__subsample': 1.0}",0.9884850415896904,0.9873348029577048,0.9882462542117709,0.9879798597937026,0.9869178953872474,0.9877927707880232,0.0005822421961675751,22
2.9372758865356445,0.1473297482331576,0.03539652824401855,0.01232371586763643,0.05,4,400,0.8,"{'model__learning_rate': 0.05, 'model__max_depth': 4, 'model__n_estimators': 400, 'model__subsample': 0.8}",0.9884421951420552,0.9873435855919652,0.9881337667388127,0.9880006911785613,0.9870126215810937,0.9877865720464974,0.0005275356144023083,23
3.038537073135376,0.20290197965378573,0.03012561798095703,0.003906651833381246,0.05,4,400,1.0,"{'model__learning_rate': 0.05, 'model__max_depth': 4, 'model__n_estimators': 400, 'model__subsample': 1.0}",0.9883007804614088,0.9873443745224305,0.9880419039495288,0.9879445983784834,0.9868282737311241,0.9876919862085952,0.000533613887403996,34
0.47095046043395994,0.013366889194107149,0.013333463668823242,0.0012415485062820723,0.1,2,100,0.8,"{'model__learning_rate': 0.1, 'model__max_depth': 2, 'model__n_estimators': 100, 'model__subsample': 0.8}",0.9878819159454512,0.9868597953318677,0.9871482333483981,0.9874729087083509,0.9865936360297325,0.98719129787276,0.00045281478587551696,52
0.45159120559692384,0.010105297897802717,0.014194059371948241,0.0017987847286709707,0.1,2,100,1.0,"{'model__learning_rate': 0.1, 'model__max_depth': 2, 'model__n_estimators': 100, 'model__subsample': 1.0}",0.9878118478961327,0.9863731012405,0.9873206427639407,0.9871984005581804,0.9866322861599381,0.9870672557237384,0.0005112475781784684,55
0.9399022102355957,0.04609360467447973,0.016956329345703125,0.0033239094683351713,0.1,2,200,0.8,"{'model__learning_rate': 0.1, 'model__max_depth': 2, 'model__n_estimators': 200, 'model__subsample': 0.8}",0.988494133706622,0.9874591545822169,0.9880665460647927,0.9879425361957532,0.9871507751291302,0.9878226291357031,0.0004708063545219836,20
0.933843469619751,0.05630117584175583,0.01877913475036621,0.003987538268122549,0.1,2,200,1.0,"{'model__learning_rate': 0.1, 'model__max_depth': 2, 'model__n_estimators': 200, 'model__subsample': 1.0}",0.9884350989037206,0.9870226706281108,0.9881873231487524,0.9877381517828079,0.9871937377300375,0.9877153964386858,0.0005464798478412502,31
1.8181138515472413,0.1238189819099405,0.022334861755371093,0.0039159336947438205,0.1,2,400,0.8,"{'model__learning_rate': 0.1, 'model__max_depth': 2, 'model__n_estimators': 400, 'model__subsample': 0.8}",0.9887438131615205,0.9876893413844647,0.9882941796606102,0.9882647033595642,0.9874489545578937,0.9880881984248108,0.0004628461093083466,1
1.7628384113311768,0.0619069571458449,0.020466709136962892,0.0023192272280404148,0.1,2,400,1.0,"{'model__learning_rate': 0.1, 'model__max_depth': 2, 'model__n_estimators': 400, 'model__subsample': 1.0}",0.9887647864882745,0.9875364024501905,0.9884333070608694,0.9881696676798932,0.9875030158876478,0.9880814359133752,0.0004960236606111873,2
0.6196802616119385,0.03159483453989186,0.014098834991455079,0.001395551372293953,0.1,3,100,0.8,"{'model__learning_rate': 0.1, 'model__max_depth': 3, 'model__n_estimators': 100, 'model__subsample': 0.8}",0.9885494052811258,0.9873180594567638,0.9882543963181766,0.9880444108705011,0.986973519797612,0.9878279583448359,0.000589787899145956,19
0.6185309410095214,0.015501198923974007,0.013464403152465821,0.000563032173752531,0.1,3,100,1.0,"{'model__learning_rate': 0.1, 'model__max_depth': 3, 'model__n_estimators': 100, 'model__subsample': 1.0}",0.9885500537542995,0.9870944788886868,0.9881499269665057,0.9880132862460095,0.986838227018507,0.9877291945748017,0.0006524141022716227,29
1.2311406135559082,0.07794832671176367,0.019550037384033204,0.005024827431854969,0.1,3,200,0.8,"{'model__learning_rate': 0.1, 'model__max_depth': 3, 'model__n_estimators': 200, 'model__subsample': 0.8}",0.9886587726875994,0.9875562309475375,0.9883591152932437,0.9881587942687904,0.9871883952462555,0.9879842616886855,0.0005371323195597339,9
1.2342965602874756,0.04115320422759455,0.017500543594360353,0.002711432707963954,0.1,3,200,1.0,"{'model__learning_rate': 0.1, 'model__max_depth': 3, 'model__n_estimators': 200, 'model__subsample': 1.0}",0.9885825968929233,0.9873532677177771,0.9883112945907274,0.9881533090452859,0.9871108181187848,0.9879022572730998,0.0005693796597469272,13
2.363382911682129,0.05574124632564329,0.02273101806640625,0.002073223573400713,0.1,3,400,0.8,"{'model__learning_rate': 0.1, 'model__max_depth': 3, 'model__n_estimators': 400, 'model__subsample': 0.8}",0.9885871479631377,0.9874620129019147,0.9881951100252467,0.9881173099956992,0.9871467732464826,0.9879016708264963,0.000522619396209885,14
2.384532117843628,0.05706082784373428,0.02338299751281738,0.0020999099605862443,0.1,3,400,1.0,"{'model__learning_rate': 0.1, 'model__max_depth': 3, 'model__n_estimators': 400, 'model__subsample': 1.0}",0.9884859338691577,0.9874143224231521,0.988170929237052,0.9880985468807394,0.9871916978915356,0.9878722860603274,0.00048782707748015226,17
0.7643868923187256,0.04198813866066504,0.01660327911376953,0.0023144284076061805,0.1,4,100,0.8,"{'model__learning_rate': 0.1, 'model__max_depth': 4, 'model__n_estimators': 100, 'model__subsample': 0.8}",0.9885392213536105,0.9874097095129545,0.988090175727379,0.9878759729772898,0.986987729225709,0.9877805617593886,0.0005378927968893346,24
0.8000964641571044,0.024782481565226812,0.017068958282470702,0.0009090076779886916,0.1,4,100,1.0,"{'model__learning_rate': 0.1, 'model__max_depth': 4, 'model__n_estimators': 100, 'model__subsample': 1.0}",0.9885763165558658,0.9871776855843305,0.9880594997375325,0.9878696213493458,0.9868495816528303,0.987706540975981,0.0006199599925332727,32
1.4312270641326905,0.03881564022364538,0.023296356201171875,0.0023499752278668498,0.1,4,200,0.8,"{'model__learning_rate': 0.1, 'model__max_depth': 4, 'model__n_estimators': 200, 'model__subsample': 0.8}",0.9884083351974805,0.9874033818084934,0.9879325452479547,0.9877839253520471,0.9869837338466274,0.9877023842905206,0.0004824625661842916,33
1.5388465881347657,0.03836971097913704,0.02007184028625488,0.002376706563872614,0.1,4,200,1.0,"{'model__learning_rate': 0.1, 'model__max_depth': 4, 'model__n_estimators': 200, 'model__subsample': 1.0}",0.9884061618288725,0.9872536984538169,0.9879355296257192,0.9878235856830633,0.9868093358362627,0.987645662285547,0.0005562583825593112,38
2.8324814796447755,0.06380581917977049,0.02787179946899414,0.0022562576347400724,0.1,4,400,0.8,"{'model__learning_rate': 0.1, 'model__max_depth': 4, 'model__n_estimators': 400, 'model__subsample': 0.8}",0.9880877275598619,0.987151352506299,0.9876778387403323,0.9874808282747755,0.9865368585013017,0.9873869211165142,0.0005220498652732166,45
2.969018030166626,0.02925943664509582,0.02833704948425293,0.00141699169841885,0.1,4,400,1.0,"{'model__learning_rate': 0.1, 'model__max_depth': 4, 'model__n_estimators': 400, 'model__subsample': 1.0}",0.9881670964591956,0.9870499231885681,0.9875715315488531,0.987526879380729,0.9865100650192812,0.9873650991193255,0.000555410859394496,46
0.4677434921264648,0.018096874050262696,0.013524866104125977,0.00119035500304328,0.2,2,100,0.8,"{'model__learning_rate': 0.2, 'model__max_depth': 2, 'model__n_estimators': 100, 'model__subsample': 0.8}",0.9878410079482036,0.9862009671089322,0.9879083317328538,0.9868614758661787,0.986345123451367,0.9870313812215071,0.0007230411870900374,57
0.45116000175476073,0.009416255100443837,0.01389174461364746,0.0009401847402269338,0.2,2,100,1.0,"{'model__learning_rate': 0.2, 'model__max_depth': 2, 'model__n_estimators': 100, 'model__subsample': 1.0}",0.9876372497563127,0.9863150033495623,0.9873589046311557,0.9872290516418883,0.9865339995343406,0.9870148417826519,0.0005045076596805098,58
0.9157162666320801,0.02225178337486286,0.01607193946838379,0.000867431086694182,0.2,2,200,0.8,"{'model__learning_rate': 0.2, 'model__max_depth': 2, 'model__n_estimators': 200, 'model__subsample': 0.8}",0.9883492342173863,0.9869309023103973,0.9883837877409699,0.9875841381321644,0.9872044064309896,0.9876904937663815,0.0005897740441140084,35
0.9065256118774414,0.023313203022460906,0.017789411544799804,0.003018181658030533,0.2,2,200,1.0,"{'model__learning_rate': 0.2, 'model__max_depth': 2, 'model__n_estimators': 200, 'model__subsample': 1.0}",0.9883707041801175,0.9872162803637318,0.9879438715118785,0.9879040492709226,0.9872552371391883,0.9877380284931678,0.00044170609547591525,28
1.7911784172058105,0.04081051622227878,0.018740415573120117,0.0014692187479015558,0.2,2,400,0.8,"{'model__learning_rate': 0.2, 'model__max_depth': 2, 'model__n_estimators': 400, 'model__subsample': 0.8}",0.9885556573517625,0.9872632891310221,0.9884358156793503,0.9879306994221496,0.9874405353041582,0.9879251993776886,0.000515996308881829,12
1.7400157451629639,0.0241581303071781,0.019216442108154298,0.0006734245534517541,0.2,2,400,1.0,"{'model__learning_rate': 0.2, 'model__max_depth': 2, 'model__n_estimators': 400, 'model__subsample': 1.0}",0.9886624826131146,0.9875227273165526,0.9882003542168283,0.9881309724448324,0.9875327721369112,0.9880098617456479,0.00043400083558929186,6
0.5948295593261719,0.004577288862760358,0.014380264282226562,0.0012883498633294132,0.2,3,100,0.8,"{'model__learning_rate': 0.2, 'model__max_depth': 3, 'model__n_estimators': 100, 'model__subsample': 0.8}",0.9883645855089913,0.9870488927244303,0.9883144667363423,0.9877117128694445,0.9867840232555984,0.9876447362189612,0.0006429718676977738,39
0.6103234767913819,0.012716897722066824,0.01563868522644043,0.001107242080385086,0.2,3,100,1.0,"{'model__learning_rate': 0.2, 'model__max_depth': 3, 'model__n_estimators': 100, 'model__subsample': 1.0}",0.9884058809558933,0.9868173257117121,0.9882858784292085,0.9878647792632962,0.9868393713573814,0.9876426471434983,0.000688770276982477,40
1.154514217376709,0.010989084269137278,0.017822885513305665,0.0011521231287911508,0.2,3,200,0.8,"{'model__learning_rate': 0.2, 'model__max_depth': 3, 'model__n_estimators': 200, 'model__subsample': 0.8}",0.9884760295714371,0.9872834519750391,0.9881634625274432,0.9878584680689616,0.9869483711527833,0.9877459566591329,0.0005603623198330113,26
1.1954939842224122,0.019299152219920394,0.018238353729248046,0.0032061259732714515,0.2,3,200,1.0,"{'model__learning_rate': 0.2, 'model__max_depth': 3, 'model__n_estimators': 200, 'model__subsample': 1.0}",0.9883883474698864,0.9872843837911937,0.988162003991707,0.9880532947804276,0.9869456947831061,0.9877667449632641,0.0005534484388232936,25
2.2478219985961916,0.013368771057332002,0.020522642135620116,0.001184120253263713,0.2,3,400,0.8,"{'model__learning_rate': 0.2, 'model__max_depth': 3, 'model__n_estimators': 400, 'model__subsample': 0.8}",0.9882755758775661,0.9872211454346493,0.987850697525419,0.9878251385917434,0.9868954504013294,0.9876136015661414,0.0004917184777408711,41
2.264603853225708,0.009448886780792753,0.019380807876586914,0.0010499100451185131,0.2,3,400,1.0,"{'model__learning_rate': 0.2, 'model__max_depth': 3, 'model__n_estimators': 400, 'model__subsample': 1.0}",0.9882174184509294,0.9873470526672982,0.9879551122441697,0.9879574164913526,0.9868038529862386,0.9876561705679977,0.000513247222085856,37
0.7123105525970459,0.010276756368634203,0.015206193923950196,0.0008327713617866487,0.2,4,100,0.8,"{'model__learning_rate': 0.2, 'model__max_depth': 4, 'model__n_estimators': 100, 'model__subsample': 0.8}",0.9884566423668825,0.9871730855571492,0.9878332391304793,0.9877234177495058,0.9867375828557706,0.9875847935319575,0.0005879339531684647,43
0.759446382522583,0.013208980958473195,0.01638054847717285,0.0007521785375582991,0.2,4,100,1.0,"{'model__learning_rate': 0.2, 'model__max_depth': 4, 'model__n_estimators': 100, 'model__subsample': 1.0}",0.9879559091809065,0.9872322946019365,0.987887423793873,0.9877536765238849,0.9866661971997949,0.9874991002600793,0.0004876866613280864,44
1.3714834690093993,0.023631310152446967,0.019489622116088866,0.0022448922199041262,0.2,4,200,0.8,"{'model__learning_rate': 0.2, 'model__max_depth': 4, 'model__n_estimators': 200, 'model__subsample': 0.8}",0.9881140711360092,0.9868690823135674,0.9873918153762319,0.9874259512315069,0.9864232040581982,0.9872448248231027,0.0005703061047939848,50
1.4131493091583252,0.023404317398753705,0.015877199172973634,0.003972969620426637,0.2,4,200,1.0,"{'model__learning_rate': 0.2, 'model__max_depth': 4, 'model__n_estimators': 200, 'model__subsample': 1.0}",0.9878069865210849,0.9871281601877092,0.9874817306917085,0.9875627121775574,0.9863746216987977,0.9872708422553715,0.0004981329373114365,48
2.2111559391021727,0.03226954684596938,0.019568157196044923,0.0034847670631249095,0.2,4,400,0.8,"{'model__learning_rate': 0.2, 'model__max_depth': 4, 'model__n_estimators': 400, 'model__subsample': 0.8}",0.9876394006138233,0.9863191941081078,0.9869093663333285,0.9869630850539132,0.9858095732996477,0.986728123881764,0.000621198775392901,59
2.2600987911224366,0.015404553663457006,0.011297988891601562,0.002379209175820673,0.2,4,400,1.0,"{'model__learning_rate': 0.2, 'model__max_depth': 4, 'model__n_estimators': 400, 'model__subsample': 1.0}",0.9873140440466991,0.9866012067962767,0.9869193961921653,0.9870769217674507,0.9856684888055863,0.9867160115216358,0.0005726689089480128,60
